{
  "CO_star_2-3": {
    "raw": {
      "star": {
        "atoms_json": "{\"1\": {\n \"cell\": {\"array\": {\"__ndarray__\": [[3, 3], \"float64\", [5.105310960166873, 0.0, 0.0, 2.5526554800834367, 4.421328985723636, 0.0, 0.0, 0.0, 18.168468943549097]]}, \"__ase_objtype__\": \"cell\"},\n \"constraints\": [{\"name\": \"FixAtoms\", \"kwargs\": {\"indices\": [0, 1, 2, 3]}}],\n \"ctime\": 26.479127031475315,\n \"mtime\": 26.479127031475315,\n \"numbers\": {\"__ndarray__\": [[12], \"int64\", [29, 29, 29, 29, 29, 29, 29, 29, 29, 29, 29, 29]]},\n \"pbc\": {\"__ndarray__\": [[3], \"bool\", [true, true, false]]},\n \"positions\": {\"__ndarray__\": [[12, 3], \"float64\", [1.2763277400417183, 0.7368881642872727, 7.0, 3.828983220125155, 0.7368881642872727, 7.0, 2.5526554800834367, 2.9475526571490906, 7.0, 5.105310960166873, 2.9475526571490906, 7.0, -4.72336147987369e-17, 1.4737763285745453, 9.084234471774549, 2.5526554800834367, 1.4737763285745453, 9.084234471774549, 1.2763277400417181, 3.684440821436363, 9.084234471774549, 3.828983220125155, 3.684440821436363, 9.084234471774549, 0.0, 0.0, 11.168468943549097, 2.5526554800834367, 0.0, 11.168468943549097, 1.2763277400417183, 2.210664492861818, 11.168468943549097, 3.828983220125155, 2.210664492861818, 11.168468943549097]]},\n \"tags\": {\"__ndarray__\": [[12], \"int64\", [3, 3, 3, 3, 2, 2, 2, 2, 1, 1, 1, 1]]},\n \"unique_id\": \"7288c3854f6b4284adae35ab35f67112\",\n \"user\": \"jumoon\"},\n\"ids\": [1],\n\"nextid\": 2}\n",
        "energy_ref": -111.111,
        "stoi": -1
      },
      "COstar": {
        "atoms_json": "{\"1\": {\n \"cell\": {\"array\": {\"__ndarray__\": [[3, 3], \"float64\", [5.105310960166873, 0.0, 0.0, 2.5526554800834367, 4.421328985723636, 0.0, 0.0, 0.0, 18.168468943549097]]}, \"__ase_objtype__\": \"cell\"},\n \"constraints\": [{\"name\": \"FixAtoms\", \"kwargs\": {\"indices\": [0, 1, 2, 3]}}],\n \"ctime\": 26.479127031481674,\n \"mtime\": 26.479127031481674,\n \"numbers\": {\"__ndarray__\": [[14], \"int64\", [29, 29, 29, 29, 29, 29, 29, 29, 29, 29, 29, 29, 8, 6]]},\n \"pbc\": {\"__ndarray__\": [[3], \"bool\", [true, true, false]]},\n \"positions\": {\"__ndarray__\": [[14, 3], \"float64\", [1.2763277400417183, 0.7368881642872727, 7.0, 3.828983220125155, 0.7368881642872727, 7.0, 2.5526554800834367, 2.9475526571490906, 7.0, 5.105310960166873, 2.9475526571490906, 7.0, -4.72336147987369e-17, 1.4737763285745453, 9.084234471774549, 2.5526554800834367, 1.4737763285745453, 9.084234471774549, 1.2763277400417181, 3.684440821436363, 9.084234471774549, 3.828983220125155, 3.684440821436363, 9.084234471774549, 0.0, 0.0, 11.168468943549097, 2.5526554800834367, 0.0, 11.168468943549097, 1.2763277400417183, 2.210664492861818, 11.168468943549097, 3.828983220125155, 2.210664492861818, 11.168468943549097, 1.2763277400417183, 0.7368881642872727, 13.068468943549098, 1.2763277400417183, 0.7368881642872727, 11.918128943549098]]},\n \"tags\": {\"__ndarray__\": [[14], \"int64\", [3, 3, 3, 3, 2, 2, 2, 2, 1, 1, 1, 1, 0, 0]]},\n \"unique_id\": \"5198180f6260492db94678f2d7b68e4b\",\n \"user\": \"jumoon\"},\n\"ids\": [1],\n\"nextid\": 2}\n",
        "energy_ref": -126.222,
        "stoi": 1
      },
      "gas-CO": {
        "atoms_json": "{\"1\": {\n \"cell\": {\"array\": {\"__ndarray__\": [[3, 3], \"float64\", [12.0, 0.0, 0.0, 0.0, 12.0, 0.0, 0.0, 0.0, 13.15034]]}, \"__ase_objtype__\": \"cell\"},\n \"ctime\": 26.479127031484477,\n \"mtime\": 26.479127031484477,\n \"numbers\": {\"__ndarray__\": [[2], \"int64\", [8, 6]]},\n \"pbc\": {\"__ndarray__\": [[3], \"bool\", [true, true, true]]},\n \"positions\": {\"__ndarray__\": [[2, 3], \"float64\", [6.0, 6.0, 7.15034, 6.0, 6.0, 6.0]]},\n \"unique_id\": \"789a5d7f2af14ef5b5ed00973d6f42e2\",\n \"user\": \"jumoon\"},\n\"ids\": [1],\n\"nextid\": 2}\n",
        "energy_ref": -14.345,
        "stoi": -1
      }
    },
    "ref_ads_eng": -0.766,
    "adsorbate_indices": [
      12,
      13
    ]
  }
}